Molecule name,Probability_of_prediction,prediction_class
compound_12,0.2125,0
compound_2,0.75390625,1
compound_3,0.7826562499999999,1
compound_11,0.30484374999999997,0
compound_8,0.21640625000000002,0
compound_7,0.20515624999999998,0
compound_1,0.6734374999999999,1
compound_14,0.27984375,0
compound_15,0.18640625,0
compound_13,0.35140625000000003,0
compound_10,0.46546875,0
compound_5,0.74140625,1
compound_9,0.47281249999999997,0
compound_6,0.573125,1
compound_4,0.6312500000000001,1
